Model,p_value
RandomForest,0.6130500109883074
ExtraTrees,0.1340475786362312
CatBoost,0.046867806981624044
XGBoost,0.02848833822154651
GradientBoosting,0.010169751511264626
