,sum_sq,df,F,PR(>F)
C(Group),2.7910360016449722,5.0,11.524335278459473,8.722100566266069e-08
Residual,2.8577982177392176,59.0,,
