Model,W,p_value
ExtraTrees,0.903372667,1.64E-11
Ensemble,0.836940404,2.07E-15
,,-1.64E-11
