,H2_W% (max),temperature(K)
H2_W% (max),1.0,0.45531456740036785
temperature(K),0.45531456740036785,1.0
